RMF Cluster,Average Basket Size
0,188.78022
1,164.26589
2,247.454357
3,236.725843
