RMF Cluster,Churn Rate
0,0.0
1,87.711864
2,0.622407
3,2.022472
