Month,Churned_Customers,Total_Customers,Churn_Rate
2010-12,561,884,63.46153846153846
2011-01,479,739,64.81732070365359
2011-02,467,757,61.69088507265522
2011-03,672,973,69.06474820143885
2011-04,487,853,57.0926143024619
2011-05,644,1054,61.10056925996204
2011-06,625,990,63.13131313131313
2011-07,560,946,59.19661733615222
2011-08,510,933,54.662379421221864
2011-09,772,1259,61.31850675138999
2011-10,745,1361,54.7391623806025
2011-11,1290,1660,77.71084337349397
